--Script insert to PROJETO
INSERT INTO "Cliente" VALUES(SEQ_CLIENTE.NEXTVAL, '07800145785', 'Gabriel de Jesus');
INSERT INTO "Endereco" VALUES(SEQ_ENDERECO.NEXTVAL, 1, 'Rio de Janeiro', 'Rua Tal', 'RJ', 'Brasil', '60000-000');
INSERT INTO "Contato" VALUES(SEQ_CONTATO.NEXTVAL, 1, '71987456549','gabriel@exemplo.com');
INSERT INTO "Conta" VALUES(123456, 1, 'senha123', 1234, 100.00, 200.00);
INSERT INTO "Cartao" VALUES(SEQ_CARTAO.NEXTVAL, 123456, 1234567812345678, sysdate, 602, 1, TO_DATE('01-02-2025', 'dd-mm-yyyy'));
INSERT INTO "Cartao" VALUES(SEQ_CARTAO.NEXTVAL, 123456, 8765432187654321, sysdate, 202, 2, TO_DATE('01-02-2025', 'dd-mm-yyyy'));
INSERT INTO "Compra" VALUES(SEQ_COMPRA.NEXTVAL, 1, '111111111-11', sysdate);
INSERT INTO "Item" VALUES(SEQ_ITEM.NEXTVAL, 'Mouse', 100.00);
INSERT INTO "CompraItem" VALUES(1, 1, 6);

INSERT INTO "Cliente" VALUES(SEQ_CLIENTE.NEXTVAL, '08214256700', 'Ana Maria');
INSERT INTO "Endereco" VALUES(SEQ_ENDERECO.NEXTVAL, 2, 'São Paulo', 'Rua Qualquer', 'SP', 'Brasil', '50000-000');
INSERT INTO "Contato" VALUES(SEQ_CONTATO.NEXTVAL, 2, '71987456549','ana@exemplo.com');
INSERT INTO "Conta" VALUES(987654, 2, 'senha321', 4444, 500.00, 600.00);
INSERT INTO "Cartao" VALUES(SEQ_CARTAO.NEXTVAL, 987654, 9876543219876543, sysdate, 501, 1, TO_DATE('01-02-2025', 'dd-mm-yyyy'));
INSERT INTO "Cartao" VALUES(SEQ_CARTAO.NEXTVAL, 987654, 3219876543219876, sysdate, 301, 2, TO_DATE('01-02-2025', 'dd-mm-yyyy'));
INSERT INTO "Compra" VALUES(SEQ_COMPRA.NEXTVAL, 2, '222222222-22', sysdate);
INSERT INTO "Item" VALUES(SEQ_ITEM.NEXTVAL, 'Teclado', 200.00);
INSERT INTO "CompraItem" VALUES(2, 2, 4);

INSERT INTO "Cliente" VALUES(SEQ_CLIENTE.NEXTVAL, '09123546789', 'João Ferreira');
INSERT INTO "Endereco" VALUES(SEQ_ENDERECO.NEXTVAL, 3, 'Belo Horizonte', 'Rua Qualquer Outra', 'MG', 'Brasil', '40000-000');
INSERT INTO "Contato" VALUES(SEQ_CONTATO.NEXTVAL, 3, '71987456549','joao@exemplo.com');
INSERT INTO "Conta" VALUES(222222, 3, 'senha456', 9999, 700.00, 800.00);
INSERT INTO "Cartao" VALUES(SEQ_CARTAO.NEXTVAL, 222222, 2222222222222222, sysdate, 801, 1, TO_DATE('01-02-2025', 'dd-mm-yyyy'));
INSERT INTO "Cartao" VALUES(SEQ_CARTAO.NEXTVAL, 222222, 3333333333333333, sysdate, 701, 2, TO_DATE('01-02-2025', 'dd-mm-yyyy'));
INSERT INTO "Compra" VALUES(SEQ_COMPRA.NEXTVAL, 3, '333333333-33', sysdate);
INSERT INTO "Item" VALUES(SEQ_ITEM.NEXTVAL, 'Monitor', 300.00);
INSERT INTO "CompraItem" VALUES(3, 3, 8);

INSERT INTO "Cliente" VALUES(SEQ_CLIENTE.NEXTVAL, '09998765432', 'Lucas Almeida');
INSERT INTO "Endereco" VALUES(SEQ_ENDERECO.NEXTVAL, 4, 'Salvador', 'Rua Outra', 'BA', 'Brasil', '30000-000');
INSERT INTO "Contato" VALUES(SEQ_CONTATO.NEXTVAL, 4, '71987456549','lucas@exemplo.com');
INSERT INTO "Conta" VALUES(444444, 4, 'senha789', 5555, 900.00, 1000.00);
INSERT INTO "Cartao" VALUES(SEQ_CARTAO.NEXTVAL, 444444, 4444444444444444, sysdate, 902, 1, TO_DATE('01-02-2025', 'dd-mm-yyyy'));
INSERT INTO "Cartao" VALUES(SEQ_CARTAO.NEXTVAL, 444444, 5555555555555555, sysdate, 802, 2, TO_DATE('01-02-2025', 'dd-mm-yyyy'));
INSERT INTO "Compra" VALUES(SEQ_COMPRA.NEXTVAL, 4, '444444444-44', sysdate);
INSERT INTO "Item" VALUES(SEQ_ITEM.NEXTVAL, 'Headset', 400.00);
INSERT INTO "CompraItem" VALUES(4, 4, 5);

INSERT INTO "Cliente" VALUES(SEQ_CLIENTE.NEXTVAL, '05678912345', 'Fernanda Santos');
INSERT INTO "Endereco" VALUES(SEQ_ENDERECO.NEXTVAL, 5, 'Fortaleza', 'Rua Mais Uma', 'CE', 'Brasil', '20000-000');
INSERT INTO "Contato" VALUES(SEQ_CONTATO.NEXTVAL, 5, '71987456549','fernanda@exemplo.com');
INSERT INTO "Conta" VALUES(666666, 5, 'senha101', 7777, 1100.00, 1200.00);
INSERT INTO "Cartao" VALUES(SEQ_CARTAO.NEXTVAL, 666666, 6666666666666666, sysdate, 906, 1, TO_DATE('01-02-2025', 'dd-mm-yyyy'));
INSERT INTO "Cartao" VALUES(SEQ_CARTAO.NEXTVAL, 666666, 7777777777777777, sysdate, 903, 2, TO_DATE('01-02-2025', 'dd-mm-yyyy'));
INSERT INTO "Compra" VALUES(SEQ_COMPRA.NEXTVAL, 5, '555555555-55', sysdate);
INSERT INTO "Item" VALUES(SEQ_ITEM.NEXTVAL, 'Cadeira', 500.00);
INSERT INTO "CompraItem" VALUES(5, 5, 3);

INSERT INTO "Transferencia" VALUES(SEQ_TRANSFERENCIA.NEXTVAL, 444444, 666666, 100);
INSERT INTO "Transferencia" VALUES(SEQ_TRANSFERENCIA.NEXTVAL, 444444, 123456, 100);
INSERT INTO "Transferencia" VALUES(SEQ_TRANSFERENCIA.NEXTVAL, 123456, 222222, 100);
INSERT INTO "Transferencia" VALUES(SEQ_TRANSFERENCIA.NEXTVAL, 987654, 666666, 100);